标题,作者,回复数,查看数,最后发表人
discuz “个性化定制”疑问,赵明亮_MDiWR,0,981,赵明亮_MDiWR
[已解决]模板审核还在初审中,抹布斯基,0,971,抹布斯基
请问邮箱怎么改不了，点击修改收不到信息,[4066]大宝,0,1062,[4066]大宝
举报应用中心作者盗版行为，强烈鄙视,gavinqing,27,2428,小堂管家
请问我的开发者身份有没有可能解封,白山小海,40,8669,小堂管家
[已解决],抹布斯基,24,2263,小堂管家
建议搜索插件时，查看全部插件放在传统的下边做分页,601012446,0,980,601012446
请问大神除图片外如何实现所有附件在底部,ゞ少の宇ゞ,0,963,ゞ少の宇ゞ
showmessage 是不是无法使用自定义的模板？,Bacysoft.cn,5,1008,小堂管家
请问大神门户新闻分类如何实现高亮,О.ο1秒绝杀,1,988,小堂管家
文峰工作室有话说！,流泪的星星,10,1820,流泪的星星
秘籍分享 之 function_core注释版,monkeye,10,3528,陶之11
编码问题一再被下架,yl1981,10,1652,yl1981
为什么我的应用直接搜文字搜不到呢,木子1,0,938,木子1
发现盗版网站一枚,看着大片喝小酒,1,1002,小堂管家
关于应用中心模板编码问题,yl1981,3,1006,yl1981
农民伯伯 警察叔叔 老王的儿子有话说,潇冰,1,1093,民审大人
对于模板审核的一个建议。,小酷仔,1,954,民审大人
强烈建议对黑名单网站彻底封禁,科站网,1,1033,Qzome!
开发助手的变量添加不到xml里了呢 助手是不是有bug了？,601012446,3,949,601012446
发现一个盗版网站,TOM_工作室,6,1223,流泪的星星
我的应用早上10点申请的秒审，并且已经付款了，但是现在还在审核中。。。,xfl298,1,948,小堂管家
再爆开发者涉嫌传播盗版,jim116801,0,1051,科站网
这种是什么情况呀请教下？是不是放假了？13天了呢,jimchenyes,2,930,民审大大
最新版 的嵌入点是不是看不到了,流泪的星星,2,940,lulidong
请问一个插件审核周期大概多久,601012446,2,937,流泪的星星
好奇怪的系统语言调用方法，求解答,601012446,2,940,601012446
建议加个悬赏 加急问题处理。。比如我问的这个问题可以支付10元！。,601012446,0,2212,小堂管家
微社区插件  不需要在xml文件里注册api.class.php？,junhuakeji,1,1039,小堂管家
授权了 微社区 为什么我的api.class.php里程序没有 被调用呢？,monkeye,1,919,小堂管家
请问在哪里设置这个模板打折,monkeye,2,945,jim116801
草根吧一个管理员的一些信息,流泪的星星,0,1042,流泪的星星
每天抓一个盗版，今天又一个盗版站，追究源头到一个作者,bischina,0,1120,商学派
乱码分享！,monkeye,9,8746,小堂管家
标题,作者,回复数,查看数,最后发表人
discuz “个性化定制”疑问,gkeeb,0,981,赵明亮_MDiWR
[已解决]模板审核还在初审中,赵明亮_MDiWR,0,971,抹布斯基
请问邮箱怎么改不了，点击修改收不到信息,赵明亮_MDiWR,0,1062,[4066]大宝
举报应用中心作者盗版行为，强烈鄙视,抹布斯基,27,2428,小堂管家
请问我的开发者身份有没有可能解封,抹布斯基,40,8669,小堂管家
[已解决],[4066]大宝,24,2263,小堂管家
建议搜索插件时，查看全部插件放在传统的下边做分页,[4066]大宝,0,980,601012446
请问大神除图片外如何实现所有附件在底部,gavinqing,0,963,ゞ少の宇ゞ
showmessage 是不是无法使用自定义的模板？,小堂管家,5,1008,小堂管家
请问大神门户新闻分类如何实现高亮,白山小海,1,988,小堂管家
文峰工作室有话说！,小堂管家,10,1820,流泪的星星
秘籍分享 之 function_core注释版,抹布斯基,10,3528,陶之11
编码问题一再被下架,小堂管家,10,1652,yl1981
为什么我的应用直接搜文字搜不到呢,601012446,0,938,木子1
发现盗版网站一枚,601012446,1,1002,小堂管家
关于应用中心模板编码问题,ゞ少の宇ゞ,3,1006,yl1981
农民伯伯 警察叔叔 老王的儿子有话说,ゞ少の宇ゞ,1,1093,民审大人
对于模板审核的一个建议。,Bacysoft.cn,1,954,民审大人
强烈建议对黑名单网站彻底封禁,小堂管家,1,1033,Qzome!
开发助手的变量添加不到xml里了呢 助手是不是有bug了？,О.ο1秒绝杀,3,949,601012446
发现一个盗版网站,小堂管家,6,1223,流泪的星星
我的应用早上10点申请的秒审，并且已经付款了，但是现在还在审核中。。。,流泪的星星,1,948,小堂管家
再爆开发者涉嫌传播盗版,流泪的星星,0,1051,科站网
这种是什么情况呀请教下？是不是放假了？13天了呢,monkeye,2,930,民审大大
最新版 的嵌入点是不是看不到了,陶之11,2,940,lulidong
请问一个插件审核周期大概多久,yl1981,2,937,流泪的星星
好奇怪的系统语言调用方法，求解答,yl1981,2,940,601012446
建议加个悬赏 加急问题处理。。比如我问的这个问题可以支付10元！。,木子1,0,2212,小堂管家
微社区插件  不需要在xml文件里注册api.class.php？,木子1,1,1039,小堂管家
授权了 微社区 为什么我的api.class.php里程序没有 被调用呢？,看着大片喝小酒,1,919,小堂管家
请问在哪里设置这个模板打折,小堂管家,2,945,jim116801
草根吧一个管理员的一些信息,yl1981,0,1042,流泪的星星
每天抓一个盗版，今天又一个盗版站，追究源头到一个作者,yl1981,0,1120,商学派
乱码分享！,潇冰,9,8746,小堂管家
插件后台的自定义导航,民审大人,9,1216,三千1997
电脑访问触屏版,小酷仔,11,1950,monkeye
标题,作者,回复数,查看数,最后发表人
discuz “个性化定制”疑问,赵明亮_MDiWR,0,981,赵明亮_MDiWR
[已解决]模板审核还在初审中,抹布斯基,0,971,抹布斯基
请问邮箱怎么改不了，点击修改收不到信息,[4066]大宝,0,1062,[4066]大宝
举报应用中心作者盗版行为，强烈鄙视,gavinqing,27,2428,小堂管家
请问我的开发者身份有没有可能解封,白山小海,40,8669,小堂管家
[已解决],抹布斯基,24,2263,小堂管家
建议搜索插件时，查看全部插件放在传统的下边做分页,601012446,0,980,601012446
请问大神除图片外如何实现所有附件在底部,ゞ少の宇ゞ,0,963,ゞ少の宇ゞ
showmessage 是不是无法使用自定义的模板？,Bacysoft.cn,5,1008,小堂管家
请问大神门户新闻分类如何实现高亮,О.ο1秒绝杀,1,988,小堂管家
文峰工作室有话说！,流泪的星星,10,1820,流泪的星星
秘籍分享 之 function_core注释版,monkeye,10,3528,陶之11
编码问题一再被下架,yl1981,10,1652,yl1981
为什么我的应用直接搜文字搜不到呢,木子1,0,938,木子1
发现盗版网站一枚,看着大片喝小酒,1,1002,小堂管家
关于应用中心模板编码问题,yl1981,3,1006,yl1981
农民伯伯 警察叔叔 老王的儿子有话说,潇冰,1,1093,民审大人
对于模板审核的一个建议。,小酷仔,1,954,民审大人
强烈建议对黑名单网站彻底封禁,科站网,1,1033,Qzome!
开发助手的变量添加不到xml里了呢 助手是不是有bug了？,601012446,3,949,601012446
发现一个盗版网站,TOM_工作室,6,1223,流泪的星星
我的应用早上10点申请的秒审，并且已经付款了，但是现在还在审核中。。。,xfl298,1,948,小堂管家
再爆开发者涉嫌传播盗版,jim116801,0,1051,科站网
这种是什么情况呀请教下？是不是放假了？13天了呢,jimchenyes,2,930,民审大大
最新版 的嵌入点是不是看不到了,流泪的星星,2,940,lulidong
请问一个插件审核周期大概多久,601012446,2,937,流泪的星星
好奇怪的系统语言调用方法，求解答,601012446,2,940,601012446
建议加个悬赏 加急问题处理。。比如我问的这个问题可以支付10元！。,601012446,0,2212,小堂管家
微社区插件  不需要在xml文件里注册api.class.php？,junhuakeji,1,1039,小堂管家
授权了 微社区 为什么我的api.class.php里程序没有 被调用呢？,monkeye,1,919,小堂管家
请问在哪里设置这个模板打折,monkeye,2,945,jim116801
草根吧一个管理员的一些信息,流泪的星星,0,1042,流泪的星星
每天抓一个盗版，今天又一个盗版站，追究源头到一个作者,bischina,0,1120,商学派
乱码分享！,monkeye,9,8746,小堂管家
标题,作者,回复数,查看数,最后发表人
discuz “个性化定制”疑问,赵明亮_MDiWR,0,981,赵明亮_MDiWR
[已解决]模板审核还在初审中,抹布斯基,0,971,抹布斯基
请问邮箱怎么改不了，点击修改收不到信息,[4066]大宝,0,1062,[4066]大宝
举报应用中心作者盗版行为，强烈鄙视,gavinqing,27,2428,小堂管家
请问我的开发者身份有没有可能解封,白山小海,40,8669,小堂管家
[已解决],抹布斯基,24,2263,小堂管家
建议搜索插件时，查看全部插件放在传统的下边做分页,601012446,0,980,601012446
请问大神除图片外如何实现所有附件在底部,ゞ少の宇ゞ,0,963,ゞ少の宇ゞ
showmessage 是不是无法使用自定义的模板？,Bacysoft.cn,5,1008,小堂管家
请问大神门户新闻分类如何实现高亮,О.ο1秒绝杀,1,988,小堂管家
文峰工作室有话说！,流泪的星星,10,1820,流泪的星星
秘籍分享 之 function_core注释版,monkeye,10,3528,陶之11
编码问题一再被下架,yl1981,10,1652,yl1981
为什么我的应用直接搜文字搜不到呢,木子1,0,938,木子1
发现盗版网站一枚,看着大片喝小酒,1,1002,小堂管家
关于应用中心模板编码问题,yl1981,3,1006,yl1981
农民伯伯 警察叔叔 老王的儿子有话说,潇冰,1,1093,民审大人
对于模板审核的一个建议。,小酷仔,1,954,民审大人
强烈建议对黑名单网站彻底封禁,科站网,1,1033,Qzome!
开发助手的变量添加不到xml里了呢 助手是不是有bug了？,601012446,3,949,601012446
发现一个盗版网站,TOM_工作室,6,1223,流泪的星星
我的应用早上10点申请的秒审，并且已经付款了，但是现在还在审核中。。。,xfl298,1,948,小堂管家
再爆开发者涉嫌传播盗版,jim116801,0,1051,科站网
这种是什么情况呀请教下？是不是放假了？13天了呢,jimchenyes,2,930,民审大大
最新版 的嵌入点是不是看不到了,流泪的星星,2,940,lulidong
请问一个插件审核周期大概多久,601012446,2,937,流泪的星星
好奇怪的系统语言调用方法，求解答,601012446,2,940,601012446
建议加个悬赏 加急问题处理。。比如我问的这个问题可以支付10元！。,601012446,0,2212,小堂管家
微社区插件  不需要在xml文件里注册api.class.php？,junhuakeji,1,1039,小堂管家
授权了 微社区 为什么我的api.class.php里程序没有 被调用呢？,monkeye,1,919,小堂管家
请问在哪里设置这个模板打折,monkeye,2,945,jim116801
草根吧一个管理员的一些信息,流泪的星星,0,1042,流泪的星星
每天抓一个盗版，今天又一个盗版站，追究源头到一个作者,bischina,0,1120,商学派
乱码分享！,monkeye,9,8746,小堂管家
标题,作者,回复数,查看数,最后发表人
11111111111111111111111111111111111,"
",0,953,gkeeb
discuz “个性化定制”疑问,"
",0,981,赵明亮_MDiWR
[已解决]模板审核还在初审中,"
",0,971,抹布斯基
请问邮箱怎么改不了，点击修改收不到信息,"
",0,1062,[4066]大宝
举报应用中心作者盗版行为，强烈鄙视,"
",27,2428,小堂管家
请问我的开发者身份有没有可能解封,"
",40,8669,小堂管家
[已解决],"
",24,2263,小堂管家
建议搜索插件时，查看全部插件放在传统的下边做分页,"
",0,980,601012446
请问大神除图片外如何实现所有附件在底部,"
",0,963,ゞ少の宇ゞ
showmessage 是不是无法使用自定义的模板？,"
",5,1008,小堂管家
请问大神门户新闻分类如何实现高亮,"
",1,988,小堂管家
文峰工作室有话说！,"
",10,1820,流泪的星星
秘籍分享 之 function_core注释版,"
",10,3528,陶之11
编码问题一再被下架,"
",10,1652,yl1981
为什么我的应用直接搜文字搜不到呢,"
",0,938,木子1
发现盗版网站一枚,"
",1,1002,小堂管家
关于应用中心模板编码问题,"
",3,1006,yl1981
农民伯伯 警察叔叔 老王的儿子有话说,"
",1,1093,民审大人
对于模板审核的一个建议。,"
",1,954,民审大人
强烈建议对黑名单网站彻底封禁,"
",1,1033,Qzome!
开发助手的变量添加不到xml里了呢 助手是不是有bug了？,"
",3,949,601012446
发现一个盗版网站,"
匿名",6,1224,流泪的星星
我的应用早上10点申请的秒审，并且已经付款了，但是现在还在审核中。。。,"
",1,948,小堂管家
再爆开发者涉嫌传播盗版,"
匿名",0,1051,科站网
这种是什么情况呀请教下？是不是放假了？13天了呢,匿名,2,930,民审大大
最新版 的嵌入点是不是看不到了,"
",2,940,lulidong
请问一个插件审核周期大概多久,"
",2,937,流泪的星星
好奇怪的系统语言调用方法，求解答,"
",2,940,601012446
建议加个悬赏 加急问题处理。。比如我问的这个问题可以支付10元！。,"
",0,2212,小堂管家
微社区插件  不需要在xml文件里注册api.class.php？,"
",1,1039,小堂管家
授权了 微社区 为什么我的api.class.php里程序没有 被调用呢？,"
",1,919,小堂管家
请问在哪里设置这个模板打折,"
",2,945,jim116801
草根吧一个管理员的一些信息,"
",0,1042,流泪的星星
每天抓一个盗版，今天又一个盗版站，追究源头到一个作者,"
匿名",0,1120,商学派
乱码分享！,匿名,9,8746,小堂管家
插件后台的自定义导航,"
匿名",9,1216,三千1997
电脑访问触屏版,匿名,11,1950,monkeye
标题,作者,回复数,查看数,最后发表人
标题,作者,回复数,查看数,最后发表人
11111111111111111111111111111111111,[,0,955,gkeeb
discuz “个性化定制”疑问,',0,983,赵明亮_MDiWR
[已解决]模板审核还在初审中,\,0,972,抹布斯基
请问邮箱怎么改不了，点击修改收不到信息,r,0,1062,[4066]大宝
举报应用中心作者盗版行为，强烈鄙视,\,27,2429,小堂管家
请问我的开发者身份有没有可能解封,n,40,8669,小堂管家
[已解决],',24,2263,小堂管家
建议搜索插件时，查看全部插件放在传统的下边做分页,",",0,980,601012446
请问大神除图片外如何实现所有附件在底部, ,0,963,ゞ少の宇ゞ
showmessage 是不是无法使用自定义的模板？,',5,1008,小堂管家
请问大神门户新闻分类如何实现高亮,g,1,988,小堂管家
文峰工作室有话说！,k,10,1820,流泪的星星
秘籍分享 之 function_core注释版,e,10,3528,陶之11
编码问题一再被下架,e,10,1652,yl1981
为什么我的应用直接搜文字搜不到呢,b,0,938,木子1
发现盗版网站一枚,',1,1002,小堂管家
关于应用中心模板编码问题,",",3,1006,yl1981
农民伯伯 警察叔叔 老王的儿子有话说, ,1,1093,民审大人
对于模板审核的一个建议。,',1,954,民审大人
强烈建议对黑名单网站彻底封禁,\,1,1033,Qzome!
开发助手的变量添加不到xml里了呢 助手是不是有bug了？,r,3,949,601012446
发现一个盗版网站,\,6,1224,流泪的星星
我的应用早上10点申请的秒审，并且已经付款了，但是现在还在审核中。。。,n,1,948,小堂管家
再爆开发者涉嫌传播盗版,',0,1051,科站网
这种是什么情况呀请教下？是不是放假了？13天了呢,",",2,930,民审大大
最新版 的嵌入点是不是看不到了, ,2,940,lulidong
请问一个插件审核周期大概多久,',2,937,流泪的星星
好奇怪的系统语言调用方法，求解答,赵,2,940,601012446
建议加个悬赏 加急问题处理。。比如我问的这个问题可以支付10元！。,明,0,2212,小堂管家
微社区插件  不需要在xml文件里注册api.class.php？,亮,1,1039,小堂管家
授权了 微社区 为什么我的api.class.php里程序没有 被调用呢？,_,1,919,小堂管家
请问在哪里设置这个模板打折,M,2,945,jim116801
草根吧一个管理员的一些信息,D,0,1042,流泪的星星
每天抓一个盗版，今天又一个盗版站，追究源头到一个作者,i,0,1120,商学派
乱码分享！,W,9,8746,小堂管家
插件后台的自定义导航,R,9,1216,三千1997
电脑访问触屏版,',11,1950,monkeye
标题,作者,回复数,查看数,最后发表人
11111111111111111111111111111111111,[,0,955,gkeeb
discuz “个性化定制”疑问,',0,983,赵明亮_MDiWR
[已解决]模板审核还在初审中,\,0,972,抹布斯基
请问邮箱怎么改不了，点击修改收不到信息,r,0,1062,[4066]大宝
举报应用中心作者盗版行为，强烈鄙视,\,27,2429,小堂管家
请问我的开发者身份有没有可能解封,n,40,8669,小堂管家
[已解决],',24,2263,小堂管家
建议搜索插件时，查看全部插件放在传统的下边做分页,",",0,980,601012446
请问大神除图片外如何实现所有附件在底部, ,0,963,ゞ少の宇ゞ
showmessage 是不是无法使用自定义的模板？,',5,1008,小堂管家
请问大神门户新闻分类如何实现高亮,g,1,988,小堂管家
文峰工作室有话说！,k,10,1820,流泪的星星
秘籍分享 之 function_core注释版,e,10,3528,陶之11
编码问题一再被下架,e,10,1652,yl1981
为什么我的应用直接搜文字搜不到呢,b,0,938,木子1
发现盗版网站一枚,',1,1002,小堂管家
关于应用中心模板编码问题,",",3,1006,yl1981
农民伯伯 警察叔叔 老王的儿子有话说, ,1,1093,民审大人
对于模板审核的一个建议。,',1,954,民审大人
强烈建议对黑名单网站彻底封禁,\,1,1033,Qzome!
开发助手的变量添加不到xml里了呢 助手是不是有bug了？,r,3,949,601012446
发现一个盗版网站,\,6,1224,流泪的星星
我的应用早上10点申请的秒审，并且已经付款了，但是现在还在审核中。。。,n,1,948,小堂管家
再爆开发者涉嫌传播盗版,',0,1051,科站网
这种是什么情况呀请教下？是不是放假了？13天了呢,",",2,930,民审大大
最新版 的嵌入点是不是看不到了, ,2,940,lulidong
请问一个插件审核周期大概多久,',2,937,流泪的星星
好奇怪的系统语言调用方法，求解答,赵,2,940,601012446
建议加个悬赏 加急问题处理。。比如我问的这个问题可以支付10元！。,明,0,2212,小堂管家
微社区插件  不需要在xml文件里注册api.class.php？,亮,1,1039,小堂管家
授权了 微社区 为什么我的api.class.php里程序没有 被调用呢？,_,1,919,小堂管家
请问在哪里设置这个模板打折,M,2,945,jim116801
草根吧一个管理员的一些信息,D,0,1042,流泪的星星
每天抓一个盗版，今天又一个盗版站，追究源头到一个作者,i,0,1120,商学派
乱码分享！,W,9,8746,小堂管家
插件后台的自定义导航,R,9,1216,三千1997
电脑访问触屏版,',11,1950,monkeye
标题,作者,回复数,查看数,最后发表人
11111111111111111111111111111111111,"
",0,955,gkeeb
discuz “个性化定制”疑问,gkeeb,0,983,赵明亮_MDiWR
[已解决]模板审核还在初审中,"
",0,972,抹布斯基
请问邮箱怎么改不了，点击修改收不到信息,赵明亮_MDiWR,0,1062,[4066]大宝
举报应用中心作者盗版行为，强烈鄙视,"
",27,2429,小堂管家
请问我的开发者身份有没有可能解封,抹布斯基,40,8669,小堂管家
[已解决],"
",24,2263,小堂管家
建议搜索插件时，查看全部插件放在传统的下边做分页,[4066]大宝,0,980,601012446
请问大神除图片外如何实现所有附件在底部,"
",0,963,ゞ少の宇ゞ
showmessage 是不是无法使用自定义的模板？,gavinqing,5,1008,小堂管家
请问大神门户新闻分类如何实现高亮,"
",1,988,小堂管家
文峰工作室有话说！,白山小海,10,1820,流泪的星星
秘籍分享 之 function_core注释版,"
",10,3528,陶之11
编码问题一再被下架,抹布斯基,10,1652,yl1981
为什么我的应用直接搜文字搜不到呢,"
",0,938,木子1
发现盗版网站一枚,601012446,1,1002,小堂管家
关于应用中心模板编码问题,"
",3,1006,yl1981
农民伯伯 警察叔叔 老王的儿子有话说,ゞ少の宇ゞ,1,1093,民审大人
对于模板审核的一个建议。,"
",1,954,民审大人
强烈建议对黑名单网站彻底封禁,Bacysoft.cn,1,1033,Qzome!
开发助手的变量添加不到xml里了呢 助手是不是有bug了？,"
",3,949,601012446
发现一个盗版网站,О.ο1秒绝杀,6,1224,流泪的星星
我的应用早上10点申请的秒审，并且已经付款了，但是现在还在审核中。。。,"
",1,948,小堂管家
再爆开发者涉嫌传播盗版,流泪的星星,0,1051,科站网
这种是什么情况呀请教下？是不是放假了？13天了呢,"
",2,930,民审大大
最新版 的嵌入点是不是看不到了,monkeye,2,940,lulidong
请问一个插件审核周期大概多久,"
",2,937,流泪的星星
好奇怪的系统语言调用方法，求解答,yl1981,2,940,601012446
建议加个悬赏 加急问题处理。。比如我问的这个问题可以支付10元！。,"
",0,2212,小堂管家
微社区插件  不需要在xml文件里注册api.class.php？,木子1,1,1039,小堂管家
授权了 微社区 为什么我的api.class.php里程序没有 被调用呢？,"
",1,919,小堂管家
请问在哪里设置这个模板打折,看着大片喝小酒,2,945,jim116801
草根吧一个管理员的一些信息,"
",0,1042,流泪的星星
每天抓一个盗版，今天又一个盗版站，追究源头到一个作者,yl1981,0,1120,商学派
乱码分享！,"
",9,8746,小堂管家
插件后台的自定义导航,潇冰,9,1216,三千1997
电脑访问触屏版,"
",11,1950,monkeye
标题,作者,回复数,查看数,最后发表人
11111111111111111111111111111111111,"
",0,955,gkeeb
discuz “个性化定制”疑问,gkeeb,0,983,赵明亮_MDiWR
[已解决]模板审核还在初审中,"
",0,972,抹布斯基
请问邮箱怎么改不了，点击修改收不到信息,赵明亮_MDiWR,0,1062,[4066]大宝
举报应用中心作者盗版行为，强烈鄙视,"
",27,2429,小堂管家
请问我的开发者身份有没有可能解封,抹布斯基,40,8669,小堂管家
[已解决],"
",24,2263,小堂管家
建议搜索插件时，查看全部插件放在传统的下边做分页,[4066]大宝,0,980,601012446
请问大神除图片外如何实现所有附件在底部,"
",0,963,ゞ少の宇ゞ
showmessage 是不是无法使用自定义的模板？,gavinqing,5,1008,小堂管家
请问大神门户新闻分类如何实现高亮,"
",1,988,小堂管家
文峰工作室有话说！,白山小海,10,1820,流泪的星星
秘籍分享 之 function_core注释版,"
",10,3528,陶之11
编码问题一再被下架,抹布斯基,10,1652,yl1981
为什么我的应用直接搜文字搜不到呢,"
",0,938,木子1
发现盗版网站一枚,601012446,1,1002,小堂管家
关于应用中心模板编码问题,"
",3,1006,yl1981
农民伯伯 警察叔叔 老王的儿子有话说,ゞ少の宇ゞ,1,1093,民审大人
对于模板审核的一个建议。,"
",1,954,民审大人
强烈建议对黑名单网站彻底封禁,Bacysoft.cn,1,1033,Qzome!
开发助手的变量添加不到xml里了呢 助手是不是有bug了？,"
",3,949,601012446
发现一个盗版网站,О.ο1秒绝杀,6,1224,流泪的星星
我的应用早上10点申请的秒审，并且已经付款了，但是现在还在审核中。。。,"
",1,948,小堂管家
再爆开发者涉嫌传播盗版,流泪的星星,0,1051,科站网
这种是什么情况呀请教下？是不是放假了？13天了呢,"
",2,930,民审大大
最新版 的嵌入点是不是看不到了,monkeye,2,940,lulidong
请问一个插件审核周期大概多久,"
",2,937,流泪的星星
好奇怪的系统语言调用方法，求解答,yl1981,2,940,601012446
建议加个悬赏 加急问题处理。。比如我问的这个问题可以支付10元！。,"
",0,2212,小堂管家
微社区插件  不需要在xml文件里注册api.class.php？,木子1,1,1039,小堂管家
授权了 微社区 为什么我的api.class.php里程序没有 被调用呢？,"
",1,919,小堂管家
请问在哪里设置这个模板打折,看着大片喝小酒,2,945,jim116801
草根吧一个管理员的一些信息,"
",0,1042,流泪的星星
每天抓一个盗版，今天又一个盗版站，追究源头到一个作者,yl1981,0,1120,商学派
乱码分享！,"
",9,8746,小堂管家
插件后台的自定义导航,潇冰,9,1216,三千1997
电脑访问触屏版,"
",11,1950,monkeye
标题,作者,回复数,查看数,最后发表人
11111111111111111111111111111111111,"
",0,955,gkeeb
discuz “个性化定制”疑问,gkeeb,0,983,赵明亮_MDiWR
[已解决]模板审核还在初审中,"
",0,972,抹布斯基
请问邮箱怎么改不了，点击修改收不到信息,赵明亮_MDiWR,0,1062,[4066]大宝
举报应用中心作者盗版行为，强烈鄙视,"
",27,2429,小堂管家
请问我的开发者身份有没有可能解封,抹布斯基,40,8669,小堂管家
[已解决],"
",24,2263,小堂管家
建议搜索插件时，查看全部插件放在传统的下边做分页,[4066]大宝,0,980,601012446
请问大神除图片外如何实现所有附件在底部,"
",0,963,ゞ少の宇ゞ
showmessage 是不是无法使用自定义的模板？,gavinqing,5,1008,小堂管家
请问大神门户新闻分类如何实现高亮,"
",1,988,小堂管家
文峰工作室有话说！,白山小海,10,1820,流泪的星星
秘籍分享 之 function_core注释版,"
",10,3528,陶之11
编码问题一再被下架,抹布斯基,10,1652,yl1981
为什么我的应用直接搜文字搜不到呢,"
",0,938,木子1
发现盗版网站一枚,601012446,1,1002,小堂管家
关于应用中心模板编码问题,"
",3,1006,yl1981
农民伯伯 警察叔叔 老王的儿子有话说,ゞ少の宇ゞ,1,1093,民审大人
对于模板审核的一个建议。,"
",1,954,民审大人
强烈建议对黑名单网站彻底封禁,Bacysoft.cn,1,1033,Qzome!
开发助手的变量添加不到xml里了呢 助手是不是有bug了？,"
",3,949,601012446
发现一个盗版网站,О.ο1秒绝杀,6,1224,流泪的星星
我的应用早上10点申请的秒审，并且已经付款了，但是现在还在审核中。。。,"
",1,948,小堂管家
再爆开发者涉嫌传播盗版,流泪的星星,0,1051,科站网
这种是什么情况呀请教下？是不是放假了？13天了呢,"
",2,930,民审大大
最新版 的嵌入点是不是看不到了,monkeye,2,940,lulidong
请问一个插件审核周期大概多久,"
",2,937,流泪的星星
好奇怪的系统语言调用方法，求解答,yl1981,2,940,601012446
建议加个悬赏 加急问题处理。。比如我问的这个问题可以支付10元！。,"
",0,2212,小堂管家
微社区插件  不需要在xml文件里注册api.class.php？,木子1,1,1039,小堂管家
授权了 微社区 为什么我的api.class.php里程序没有 被调用呢？,"
",1,919,小堂管家
请问在哪里设置这个模板打折,看着大片喝小酒,2,945,jim116801
草根吧一个管理员的一些信息,"
",0,1042,流泪的星星
每天抓一个盗版，今天又一个盗版站，追究源头到一个作者,yl1981,0,1120,商学派
乱码分享！,"
",9,8746,小堂管家
插件后台的自定义导航,潇冰,9,1216,三千1997
电脑访问触屏版,"
",11,1950,monkeye
